Longitude,Latitude,City,Country,Temperature,Humidity,Cloud,Wind Speed,Date
-143.05564937807526,-85.25158494333219,mataura,pf,47.62,70.0,42.0,7.56,1601655551.0
120.751854990951,-21.63076750696935,port hedland,au,77.0,69.0,53.0,14.99,1601655612.0
-128.85367967302014,56.993924295735276,terrace,ca,57.2,93.0,75.0,2.24,1601655540.0
-72.05971195674601,43.527686062253665,new london,us,60.06,59.0,90.0,9.17,1601655706.0
64.59760345376829,12.26535755853816,kavaratti,in,81.32,79.0,69.0,12.62,1601655708.0
-160.42841830182437,74.23726116773915,barrow,us,33.8,86.0,90.0,10.29,1601655562.0
15.847709791488573,78.25093714505633,longyearbyen,sj,35.6,80.0,75.0,9.17,1601655659.0
-130.86322620371055,59.19272907523466,juneau,us,49.98,87.0,90.0,12.75,1601655592.0
-47.565486981350105,0.4208911456710318,salinopolis,br,85.26,66.0,42.0,13.94,1601655713.0
36.36438419209986,-20.99253167964309,beira,mz,76.12,83.0,40.0,8.05,1601655588.0
146.5181380806124,45.287201284609445,kurilsk,ru,49.69,78.0,100.0,5.08,1601655716.0
-175.059006709051,56.69009049857997,provideniya,ru,40.01,90.0,88.0,14.92,1601655329.0
169.10126215876244,42.854610813344266,nikolskoye,ru,56.25,58.0,4.0,8.95,1601655250.0
-1.4459145197769807,5.0039732006051825,elmina,gh,79.56,77.0,15.0,9.57,1601655719.0
123.8419077830201,39.45675515210597,dandong,cn,52.27,65.0,61.0,2.86,1601655720.0
-108.81770574304394,22.89783553606607,cabo san lucas,mx,80.92,65.0,5.0,8.05,1601654934.0
-35.22056367511179,33.046361431771075,ribeira grande,pt,71.6,73.0,40.0,6.93,1601655723.0
154.53249959610022,-48.96087447611153,hobart,au,53.53,71.0,40.0,11.41,1601655583.0
110.5263937313503,5.878219067420143,bintulu,my,77.0,94.0,40.0,5.82,1601655436.0
137.64693239746111,-49.722567778221574,new norfolk,au,53.11,71.0,40.0,11.41,1601655532.0
123.05074737682699,31.531874663115232,huilong,cn,73.0,82.0,72.0,1.01,1601655727.0
-113.71062212851967,36.97910503776664,saint george,us,66.2,11.0,1.0,3.36,1601655093.0
32.81110285383504,-46.15262411023163,port alfred,za,61.02,77.0,100.0,28.79,1601655284.0
159.1882706142089,81.88010418787103,cherskiy,ru,30.69,89.0,95.0,3.6,1601655584.0
67.03562132343144,27.025364127526863,phulji,pk,91.72,15.0,0.0,5.19,1601655732.0
47.810477658954184,-16.77525771522942,tsaratanana,mg,82.65,43.0,62.0,2.62,1601655733.0
-62.46723014693052,-21.072001359995628,boyuibe,bo,87.8,31.0,8.0,7.2,1601655734.0
-67.16446858190892,-85.50962991951765,ushuaia,ar,33.8,80.0,75.0,29.97,1601655512.0
128.35734637010174,23.521869895272975,itoman,jp,78.87,69.0,20.0,9.17,1601655736.0
-13.489654187382062,-54.676245356232215,cape town,za,60.28,67.0,20.0,14.99,1601655556.0
168.7021336399822,-66.1678290295515,bluff,nz,51.37,72.0,32.0,20.09,1601655144.0
133.90624452127292,-33.251102647651265,flinders,au,61.0,52.0,0.0,5.14,1601655740.0
105.30553454977493,15.335975829639247,phibun mangsahan,th,80.6,100.0,20.0,3.36,1601655741.0
33.158334136423996,-81.31310827616184,port elizabeth,za,60.8,77.0,90.0,21.92,1601655556.0
148.03514058851286,87.56856458151819,chokurdakh,ru,26.17,95.0,96.0,5.03,1601655673.0
-175.5283571310238,-43.888667669463764,vaini,to,73.4,88.0,75.0,10.29,1601655572.0
-113.88771675246842,-40.4386512698485,rikitea,pf,72.27,81.0,1.0,20.62,1601655349.0
-55.48707619842597,30.808818860681576,saint george,bm,66.2,11.0,1.0,3.36,1601655093.0
146.5800734650101,33.815334333155235,hasaki,jp,61.43,93.0,20.0,3.36,1601655662.0
100.48258797070424,-21.474855002104565,carnarvon,au,60.8,100.0,40.0,25.28,1601655752.0
-105.39120205808872,-45.20979348072859,castro,cl,91.31,29.0,1.0,11.14,1601655314.0
-110.81510800563323,-73.03440299709763,punta arenas,cl,39.09,48.0,75.0,20.8,1601655570.0
-58.550351903838596,-2.68361120157552,itacoatiara,br,96.3,41.0,79.0,2.04,1601655555.0
41.177596683264795,73.00348567552263,ostrovnoy,ru,43.38,65.0,100.0,8.46,1601655666.0
44.82361935284172,26.860005509979768,buraydah,sa,96.8,18.0,0.0,6.93,1601655553.0
-10.016242636323058,44.542062911472144,carballo,es,54.25,87.0,40.0,9.17,1601655758.0
9.033991525473862,38.92948805015644,capoterra,it,74.19,83.0,100.0,10.29,1601655759.0
-159.1340411838351,-47.45019226645584,mataura,pf,47.62,70.0,42.0,7.56,1601655551.0
-42.49667093857721,13.410255500312218,cayenne,gf,84.2,74.0,90.0,1.12,1601655761.0
159.64188635853446,-45.47661144464466,tuatapere,nz,55.0,59.0,48.0,8.01,1601655686.0
116.64330367083522,-58.12512103361674,albany,au,54.36,90.0,100.0,4.36,1601655569.0
118.2814818673631,66.8413815523928,nyurba,ru,26.96,91.0,5.0,6.96,1601655765.0
-130.94851879357861,18.625289787451337,san quintin,mx,82.62,37.0,0.0,6.87,1601655766.0
98.03192307534931,66.11563644624083,tura,ru,75.69,89.0,26.0,2.71,1601655768.0
-165.01871410471546,24.650418509202854,kapaa,us,73.4,88.0,1.0,9.17,1601655769.0
-59.76396827659165,-82.20463526582945,ushuaia,ar,33.8,80.0,75.0,29.97,1601655512.0
-96.22746994404937,26.682100140016562,brownsville,us,78.98,61.0,1.0,6.93,1601655771.0
33.63366208802751,67.26199671114011,kirovsk,ru,63.12,38.0,99.0,7.94,1601655773.0
-125.68911453283673,69.40806315606622,norman wells,ca,35.6,100.0,40.0,8.05,1601655201.0
-131.82346758272882,-54.25984417746606,rikitea,pf,72.27,81.0,1.0,20.62,1601655349.0
-87.59917533579119,-8.989141937443835,paita,pe,75.2,60.0,56.0,19.46,1601655614.0
-14.2997317650428,-26.646642974652224,jamestown,sh,49.89,93.0,90.0,8.05,1601655180.0
-150.7521981935325,63.391155747002706,wasilla,us,54.34,54.0,1.0,18.34,1601655778.0
-21.435986434696062,3.8307091767520784,bubaque,gw,82.09,76.0,35.0,10.94,1601655779.0
42.23032650243355,60.24693850877279,verkhovazhye,ru,50.49,87.0,92.0,3.6,1601655781.0
36.82981507645706,-48.30836875239887,east london,za,60.8,82.0,75.0,14.99,1601655564.0
73.1017120010453,30.422603362740485,kamir,pk,81.54,18.0,0.0,1.79,1601655783.0
-166.63779132405867,60.1445903810775,nome,us,46.22,75.0,75.0,9.17,1601655290.0
110.61341062787736,55.268868581697205,kichera,ru,30.67,85.0,77.0,7.05,1601655785.0
-9.234790126352287,-18.592731133202424,jamestown,sh,51.24,76.0,75.0,16.11,1601655786.0
131.4518892484112,-50.723644477342475,mount gambier,au,69.8,49.0,29.0,12.75,1601655787.0
-57.297780911740425,6.465937745039452,rosignol,gy,88.95,58.0,71.0,9.6,1601655789.0
13.811710575817692,-1.2755157813934992,lekoni,ga,83.77,58.0,66.0,3.29,1601655791.0
169.6696990926085,-20.7799239798628,isangel,vu,68.0,88.0,90.0,6.93,1601655792.0
-114.3935270693281,3.4787592399391,san patricio,mx,86.0,74.0,5.0,2.39,1601655793.0
79.45450457390038,70.95109911618785,dikson,ru,35.47,84.0,94.0,25.03,1601655546.0
142.57632777364046,11.570262857103264,airai,pw,58.21,83.0,24.0,3.47,1601655264.0
127.42395659344122,-39.614443128421684,esperance,au,51.8,100.0,90.0,6.93,1601655535.0
35.19838119516183,-1.4595023872630786,mugumu,tz,74.86,39.0,84.0,5.28,1601655798.0
18.471875548283666,4.388369537111836,bangui,cf,78.8,69.0,75.0,20.8,1601655799.0
-97.78134023696235,40.11937840910219,hastings,us,55.06,99.0,100.0,4.0,1601655800.0
-57.825596835229256,17.87908377112387,saint-francois,gp,52.36,93.0,100.0,2.24,1601655553.0
13.534328690114172,34.152613179446966,tripoli,ly,85.42,51.0,100.0,10.83,1601655802.0
-27.72841132622512,63.27804189453791,olafsvik,is,44.28,79.0,100.0,16.17,1601655803.0
36.44989924727289,23.9822531503027,umm lajj,sa,85.44,62.0,0.0,5.7,1601655805.0
-95.70755397494393,28.931217264533483,bay city,us,50.16,46.0,20.0,4.7,1601655570.0
-135.12778841665332,47.25343130977212,port hardy,ca,51.8,100.0,90.0,2.24,1601655807.0
-29.037686105708783,49.99631788595721,lagoa,pt,69.03,83.0,64.0,15.46,1601655809.0
-133.37928042891338,30.281065771841032,half moon bay,us,70.36,72.0,5.0,1.43,1601655530.0
105.35917341840604,-28.883885317777903,carnarvon,au,60.8,100.0,40.0,25.28,1601655752.0
-40.42564745056576,42.53497951055968,ribeira grande,pt,71.6,73.0,40.0,6.93,1601655723.0
-167.80610364334365,84.83687695479604,barrow,us,33.8,86.0,90.0,10.29,1601655562.0
-166.4792493414653,46.07670502976687,bethel,us,53.13,93.0,90.0,4.36,1601655211.0
-5.37987582058872,40.8488391552026,santa marta de tormes,es,53.6,50.0,20.0,21.92,1601655816.0
-56.95093729601195,25.023124149917752,codrington,ag,69.93,45.0,49.0,18.68,1601655817.0
122.16804140943569,-35.92155726067659,esperance,au,51.8,100.0,90.0,6.93,1601655535.0
-52.63386213583916,32.51606797853731,saint george,bm,66.2,11.0,1.0,3.36,1601655093.0
-84.9324870523828,51.473616681271494,hearst,ca,35.31,87.0,100.0,4.9,1601655821.0
41.85189187835559,57.4499487081373,kamenka,ru,57.99,47.0,78.0,10.25,1601655822.0
-55.59814990549303,66.65511929337465,sisimiut,gl,36.3,82.0,99.0,9.13,1601655823.0
-81.74745566723503,-83.37291710037444,ushuaia,ar,33.8,80.0,75.0,29.97,1601655512.0
-110.72106313874596,9.538188473224263,san patricio,mx,86.0,74.0,5.0,2.39,1601655793.0
129.4160644399869,67.31064582770051,batagay-alyta,ru,21.56,88.0,51.0,8.16,1601655827.0
29.964548038198902,-55.651880999371684,port elizabeth,za,60.8,77.0,90.0,21.92,1601655556.0
143.71083981783232,-5.611367526495902,wabag,pg,54.82,94.0,100.0,0.63,1601655829.0
156.63013933091923,30.000904642933445,hasaki,jp,61.43,93.0,20.0,3.36,1601655662.0
67.46304851509588,31.774169371139315,pishin,pk,58.82,33.0,0.0,0.43,1601655831.0
163.7738752960288,17.749567455712334,butaritari,ki,79.68,70.0,0.0,13.82,1601655680.0
-21.712141121945127,-12.588132651226235,georgetown,sh,75.96,88.0,20.0,3.36,1601655263.0
84.55079354159597,57.64620360991538,krasnyy yar,ru,59.0,47.0,86.0,11.18,1601655835.0
-127.2175114092546,-88.83354549559263,rikitea,pf,72.27,81.0,1.0,20.62,1601655349.0
6.203451735940213,20.17979437799203,arlit,ne,99.25,20.0,89.0,7.49,1601655838.0
172.7630796884294,-16.600885040351788,isangel,vu,68.0,88.0,90.0,6.93,1601655792.0
83.67039346638279,4.971360107144196,hambantota,lk,80.6,88.0,20.0,10.29,1601655840.0
146.60914794006447,-18.90684056737544,townsville,au,71.78,78.0,40.0,8.05,1601655841.0
-49.82109296358048,-42.591076202318504,mar del plata,ar,51.6,53.0,40.0,16.11,1601655253.0
3.3043223460798465,-71.20550629421257,hermanus,za,57.0,88.0,100.0,8.99,1601655843.0
113.23516577395816,-50.16211197720999,albany,au,54.36,90.0,100.0,4.36,1601655569.0
-39.312980523860695,33.33114878425246,ribeira grande,pt,71.6,73.0,40.0,6.93,1601655723.0
27.62239696841464,75.03911625120118,mehamn,no,44.6,81.0,75.0,14.99,1601655848.0
-68.81791230516421,80.69560244865906,qaanaaq,gl,20.86,84.0,0.0,3.89,1601655560.0
75.80714139219553,17.176617935315498,indi,in,81.37,63.0,48.0,6.87,1601655850.0
-124.55821767736938,14.62378715442233,constitucion,mx,56.12,54.0,0.0,9.17,1601655292.0
165.8047297659124,-22.04044926466735,bouloupari,nc,62.6,77.0,1.0,6.53,1601655852.0
-154.9050375776132,-20.835552194562123,avera,pf,68.94,46.0,1.0,5.82,1601655853.0
-139.37955680513346,88.27281252433427,tuktoyaktuk,ca,35.6,100.0,90.0,5.82,1601655598.0
-46.168806455411946,-6.856942704220059,bom jardim,br,86.45,45.0,84.0,16.87,1601655855.0
-141.8262286343019,-54.90719205196582,mataura,pf,47.62,70.0,42.0,7.56,1601655551.0
6.571445015479038,-1.9039855125887906,port-gentil,ga,84.2,66.0,20.0,16.11,1601655857.0
-42.093873102152045,79.36436795461336,ilulissat,gl,42.8,35.0,75.0,17.22,1601655859.0
82.25946167562579,-32.94719579925213,bambous virieux,mu,73.22,78.0,20.0,4.23,1601655860.0
31.13340334443857,-69.98792721180507,port elizabeth,za,60.8,77.0,90.0,21.92,1601655556.0
-9.685810096714098,-27.848448786581038,jamestown,sh,51.24,76.0,75.0,16.11,1601655786.0
-88.87285876984092,-23.495549436086627,pisco,pe,67.55,68.0,20.0,12.75,1601655563.0
23.111816981276935,-16.236988325290756,senanga,zm,92.19,19.0,83.0,5.39,1601655866.0
122.39917468624834,-52.81301194062262,albany,au,54.36,90.0,100.0,4.36,1601655569.0
96.52759285999369,-8.833593988457789,bengkulu,id,75.51,87.0,79.0,4.12,1601655383.0
-129.49395912567704,63.06894036069116,norman wells,ca,37.4,100.0,40.0,5.82,1601655871.0
113.70257664703989,-34.51470433428464,busselton,au,42.37,70.0,10.0,11.92,1601655569.0
165.06144679504484,26.031496097307272,butaritari,ki,79.68,70.0,0.0,13.82,1601655680.0
-110.57657578292486,52.2464989867535,provost,ca,52.07,68.0,0.0,8.37,1601655874.0
-85.54439100997851,-36.770154113566065,lebu,cl,49.64,69.0,0.0,15.01,1601655875.0
-59.855192878003315,-60.43829084637766,ushuaia,ar,33.8,80.0,75.0,29.97,1601655512.0
-10.96712131506774,-34.64184758957657,jamestown,sh,51.24,76.0,75.0,16.11,1601655786.0
-81.03640651559381,45.287467852826815,wiarton,ca,50.29,61.0,75.0,5.82,1601655878.0
-170.40007076140435,49.67699941364175,bethel,us,53.13,93.0,90.0,4.36,1601655211.0
-96.2938446156884,24.521441201615424,matamoros,mx,72.68,31.0,5.0,9.69,1601655881.0
-142.2310597937994,-82.16964544059253,mataura,pf,47.62,70.0,42.0,7.56,1601655551.0
-4.959055292180059,-1.7755789660980459,tabou,ci,78.87,85.0,99.0,10.63,1601655884.0
-31.663857203132917,14.690059034810899,porto novo,cv,82.4,78.0,20.0,13.87,1601655885.0
18.794896383648172,72.44848555648635,tromso,no,51.8,76.0,65.0,26.4,1601655649.0
-144.1072056404511,8.007743037244552,hilo,us,71.76,78.0,1.0,8.01,1601655542.0
84.64854690492494,-23.003522566086822,hithadhoo,mv,83.97,70.0,72.0,8.19,1601655889.0
-101.96106747773635,-77.01379034085913,punta arenas,cl,39.09,48.0,75.0,20.8,1601655570.0
-38.536381622726125,-15.178326450389513,una,br,79.48,84.0,99.0,9.98,1601655891.0
11.767888160043016,42.70857849693023,montefiascone,it,66.94,68.0,40.0,10.29,1601655893.0
-140.68801160616923,-45.79807764721407,rikitea,pf,72.27,81.0,1.0,20.62,1601655349.0
-164.77403714467835,-36.148510201254794,avarua,ck,73.4,88.0,85.0,5.82,1601655898.0
164.48801929797085,-58.2071452985216,bluff,nz,55.0,59.0,32.0,8.01,1601655899.0
154.8111838951603,2.9122371859438556,kavieng,pg,80.67,78.0,100.0,6.64,1601655609.0
-44.78324742310398,25.394837479871224,codrington,ag,69.93,45.0,49.0,18.68,1601655817.0
33.27784439018016,-53.9376567348017,port alfred,za,61.02,77.0,100.0,28.79,1601655903.0
111.83807982858218,-46.43382133264311,albany,au,54.36,90.0,100.0,4.36,1601655569.0
11.338549438318779,-42.280870881735396,cape town,za,60.28,67.0,20.0,14.99,1601655556.0
-158.55165168697104,-7.4650473707609795,faanui,pf,77.97,79.0,0.0,19.6,1601655541.0
-120.99777449788829,-44.122990120932066,rikitea,pf,72.27,81.0,1.0,20.62,1601655349.0
91.60467844657198,71.31051871825397,talnakh,ru,32.0,98.0,75.0,13.42,1601655909.0
-159.06027194317693,88.93018320673805,barrow,us,33.8,86.0,90.0,10.29,1601655562.0
132.91667519411112,-14.740819785604241,katherine,au,82.4,39.0,52.0,8.05,1601655911.0
-58.8567413031404,-9.737489008762301,aripuana,br,90.9,48.0,97.0,2.68,1601655912.0
127.54422105093181,79.31695105485866,tiksi,ru,27.84,94.0,100.0,19.64,1601655852.0
-43.13493338360961,-52.47830965935415,mar del plata,ar,51.62,53.0,40.0,16.11,1601655914.0
81.53604680463842,13.672471760061045,kattivakkam,in,86.0,74.0,40.0,6.93,1601655916.0
70.30391267777357,-46.33545793366127,souillac,mu,73.4,78.0,20.0,3.71,1601655917.0
137.0581737252585,10.713919333665888,airai,pw,58.21,83.0,24.0,3.47,1601655918.0
7.131931247087597,-53.672071681496355,hermanus,za,57.0,88.0,100.0,8.99,1601655843.0
179.18579728078942,-60.07361838193474,dunedin,nz,48.47,78.0,84.0,5.64,1601655920.0
-82.50678673683622,-28.521332945982756,coquimbo,cl,53.6,76.0,75.0,8.05,1601655469.0
-117.40924976927576,-7.555534614073545,atuona,pf,78.17,75.0,5.0,23.96,1601655535.0
-56.01184063198814,15.62998433450532,bathsheba,bb,87.8,66.0,20.0,16.11,1601655924.0
-96.60617034192033,-81.95872021735488,punta arenas,cl,39.09,48.0,75.0,20.8,1601655570.0
-151.50513927420414,-17.72875193356509,tevaitoa,pf,78.48,75.0,0.0,20.71,1601655927.0
-120.64091293320224,15.435788241996462,cabo san lucas,mx,87.06,55.0,5.0,4.47,1601655915.0
-87.87584372225649,-60.33174521383897,punta arenas,cl,39.09,48.0,75.0,20.8,1601655570.0
39.43683242567755,-82.13152164153742,port alfred,za,61.02,77.0,100.0,28.79,1601655903.0
-108.30925251168959,14.473146808947524,san patricio,mx,86.0,74.0,5.0,2.39,1601655793.0
-101.82247114277176,-86.21086439360265,punta arenas,cl,39.09,48.0,75.0,20.8,1601655570.0
128.03141130765817,-45.755822148193715,esperance,au,51.8,100.0,90.0,6.93,1601655535.0
-150.57414103692733,83.63689669207018,barrow,us,33.8,86.0,90.0,10.29,1601655562.0
99.9223168019978,35.862460000600635,xining,cn,46.35,52.0,77.0,10.11,1601655935.0
147.72823317300944,49.782284831375534,vostok,ru,43.83,100.0,100.0,2.68,1601655936.0
-166.1990872912603,-60.642978351170804,avarua,ck,73.4,88.0,85.0,5.82,1601655898.0
16.760554157211093,88.65326187177466,longyearbyen,sj,35.6,80.0,75.0,9.17,1601655659.0
-89.64364007568844,-3.213434419914507,san cristobal,ec,93.2,38.0,40.0,20.8,1601655940.0
-105.09495900866024,22.463452099060454,acaponeta,mx,88.14,35.0,0.0,1.32,1601655941.0
76.36557489118012,-46.84817030908447,mahebourg,mu,73.4,78.0,20.0,3.62,1601655942.0
74.54778483064086,-83.85380466731704,busselton,au,42.37,70.0,10.0,11.92,1601655569.0
70.62768562873967,-5.142125389694119,hithadhoo,mv,83.97,70.0,72.0,8.19,1601655889.0
-24.657594892585855,-74.70725467418868,ushuaia,ar,33.8,80.0,75.0,29.97,1601655512.0
-31.82330431584932,51.057692464761296,lagoa,pt,69.03,83.0,64.0,15.46,1601655809.0
35.79450035532592,0.5220519917525701,kabarnet,ke,71.6,60.0,20.0,2.24,1601655948.0
120.62681411895436,84.03888826548194,saskylakh,ru,23.32,96.0,60.0,13.02,1601655949.0
-145.85385533777497,-34.87808324722539,mataura,pf,47.62,70.0,42.0,7.56,1601655551.0
26.416261817872687,-1.938472206618036,kindu,cd,75.76,90.0,68.0,2.57,1601655951.0
-13.486839311132726,35.67977724313488,camacha,pt,73.4,69.0,40.0,20.8,1601655952.0
-98.5881557169988,-55.7594070989139,punta arenas,cl,39.09,48.0,75.0,20.8,1601655570.0
-62.49402585122961,-51.81859029796607,ushuaia,ar,33.8,80.0,75.0,29.97,1601655512.0
-38.02547668193055,-46.248087760145694,chuy,uy,58.44,65.0,6.0,17.72,1601655955.0
93.12033253700338,40.89429139414934,hami,cn,51.15,38.0,0.0,8.99,1601655957.0
-15.258198218116114,-85.28830385496332,ushuaia,ar,33.8,80.0,75.0,29.97,1601655512.0
168.53405216788587,74.44710167292844,pevek,ru,33.66,87.0,80.0,6.17,1601655398.0
75.23146157426497,-70.1798967400501,saint-philippe,re,68.68,78.0,42.0,3.36,1601655961.0
-150.84412155660354,-74.67501460603138,mataura,pf,47.62,70.0,42.0,7.56,1601655551.0
136.7233430960383,-18.387868186471746,mount isa,au,82.4,17.0,0.0,8.05,1601655964.0
-14.052353980224108,-15.306057702495213,georgetown,sh,75.96,88.0,20.0,3.36,1601655263.0
21.902732336064922,-67.0088928383172,bredasdorp,za,55.4,93.0,100.0,8.05,1601655352.0
-90.60119946849719,33.36530567245458,indianola,us,50.7,54.0,99.0,3.53,1601655967.0
-41.37834575121384,-32.60696776802144,laguna,br,70.14,60.0,1.0,4.41,1601655971.0
-177.87029880665685,-86.33110565256517,vaini,to,73.4,88.0,75.0,10.29,1601655572.0
-52.13743136912456,-81.48640359345526,ushuaia,ar,33.8,80.0,75.0,29.97,1601655512.0
134.02308165610933,-1.084152058833332,manokwari,id,79.92,77.0,27.0,2.55,1601655975.0
104.16573163138938,69.00109125044929,khatanga,ru,25.59,97.0,68.0,16.06,1601655976.0
158.7363019350012,-27.028712795313336,byron bay,au,62.53,93.0,40.0,5.82,1601655977.0
21.333452616667238,-66.05673222204256,bredasdorp,za,55.4,93.0,100.0,8.05,1601655352.0
-42.47978687920766,-51.75853518436195,mar del plata,ar,51.62,53.0,40.0,16.11,1601655914.0
155.3978522113698,89.91673291531234,chokurdakh,ru,26.17,95.0,96.0,5.03,1601655673.0
-116.7959245448315,-41.09606248976571,rikitea,pf,72.27,81.0,1.0,20.62,1601655349.0
-142.4368876357925,14.9129478910338,hilo,us,71.76,78.0,1.0,8.01,1601655542.0
-115.56673529390147,-5.060950999529757,atuona,pf,78.17,75.0,5.0,23.96,1601655535.0
32.63573566908631,83.26389618257069,berlevag,no,42.75,86.0,75.0,10.29,1601655985.0
-26.783031163704575,-79.38323320104362,ushuaia,ar,33.8,80.0,75.0,29.97,1601655512.0
68.49717609822513,38.58383965304112,hisor,tj,59.0,38.0,20.0,4.47,1601655987.0
-51.03664799401562,25.433940984929826,codrington,ag,69.93,45.0,49.0,18.68,1601655817.0
-56.93825993723165,-62.58328880220917,ushuaia,ar,33.8,80.0,75.0,29.97,1601655512.0
122.37199152516125,21.58831708763961,basco,ph,82.26,75.0,16.0,12.95,1601655991.0
34.3764530955345,-28.367505145174178,richards bay,za,63.41,72.0,91.0,8.97,1601655992.0
170.70951252612755,-60.84229340144578,bluff,nz,55.0,59.0,32.0,8.01,1601655899.0
44.648889412970824,51.599634147186876,lysyye gory,ru,56.75,46.0,62.0,8.3,1601655995.0
41.66286829841239,72.42725820854436,ostrovnoy,ru,43.38,65.0,100.0,8.46,1601655666.0
-166.97113082485754,-32.92937404047169,avarua,ck,73.4,88.0,85.0,5.82,1601655898.0
-53.48237611647853,-11.654712466083383,alta floresta,br,100.24,28.0,96.0,1.41,1601655851.0
-160.9863905722066,-88.87552844628348,mataura,pf,47.62,70.0,42.0,7.56,1601655551.0
13.813864372658413,-56.26580312551649,hermanus,za,57.0,88.0,100.0,8.99,1601655843.0
38.546342558169734,-12.211730104816443,masuguru,tz,89.58,24.0,5.0,2.19,1601656003.0
-103.47506213848602,-26.260086513500113,puerto ayora,ec,70.72,64.0,40.0,23.04,1601656004.0
-127.54693138400562,76.50954266900037,tuktoyaktuk,ca,35.6,100.0,90.0,5.82,1601655598.0
-83.80239771410217,-81.38060540034373,ushuaia,ar,33.8,80.0,75.0,29.97,1601655512.0
-92.99994649685635,59.08928158829342,thompson,ca,39.2,86.0,90.0,4.7,1601656008.0
14.907812410564713,-47.56184869480784,hermanus,za,57.0,88.0,100.0,8.99,1601655843.0
-139.9382812645806,-72.7565941832238,rikitea,pf,72.27,81.0,1.0,20.62,1601655349.0
-46.96967416754809,-3.7195198490402426,paragominas,br,96.93,32.0,60.0,5.86,1601656011.0
-34.83783716245692,-73.61362646505981,ushuaia,ar,33.8,80.0,75.0,29.97,1601655512.0
-166.1032834764746,-68.58712884539051,avarua,ck,73.4,88.0,85.0,5.82,1601655898.0
-91.02628297001479,-56.039970597837055,punta arenas,cl,39.09,48.0,75.0,20.8,1601655570.0
-122.42240410846841,72.53722860838629,norman wells,ca,37.4,100.0,40.0,5.82,1601655871.0
-33.30507544992059,76.57899510068101,tasiilaq,gl,39.2,60.0,75.0,21.92,1601656017.0
116.33547049398818,38.12156552774121,botou,cn,55.6,38.0,0.0,5.97,1601656019.0
-146.0352828137304,6.374874056059376,hilo,us,71.76,78.0,1.0,8.01,1601655542.0
-149.94292759315294,-57.17086035225537,mataura,pf,47.62,70.0,42.0,7.56,1601655551.0
-15.10796705935864,-34.47449940677101,jamestown,sh,51.24,76.0,75.0,16.11,1601655786.0
141.46875470458568,15.6608195038059,airai,pw,58.21,83.0,24.0,3.47,1601655918.0
-105.90110166982618,16.124290210195426,san patricio,mx,86.0,74.0,5.0,2.39,1601655793.0
-99.50102941021748,64.40731622969896,thompson,ca,39.2,86.0,90.0,4.7,1601656008.0
-10.83029525698722,22.29862797033747,atar,mr,102.47,13.0,0.0,17.25,1601656028.0
80.81842293470875,79.52741170557334,dikson,ru,35.47,84.0,94.0,25.03,1601655546.0
81.39694575006271,-80.75055598068707,busselton,au,42.37,70.0,10.0,11.92,1601655569.0
9.79371611645199,-22.034784690349042,henties bay,na,60.01,75.0,0.0,8.99,1601656031.0
-131.22012493322762,22.111228205984556,lompoc,us,72.75,48.0,20.0,5.79,1601656032.0
40.00017133328664,-47.83002716214042,east london,za,60.8,82.0,75.0,14.99,1601655564.0
-45.07872552076406,83.69910370090551,upernavik,gl,27.88,87.0,99.0,5.82,1601655354.0
119.6117691959589,28.655528452553714,lishui,cn,68.23,82.0,0.0,3.09,1601656035.0
-66.07738409891502,-46.33537992219346,comodoro rivadavia,ar,42.8,35.0,20.0,8.05,1601655993.0
94.66870484315663,-46.15393541786091,busselton,au,42.37,70.0,10.0,11.92,1601655569.0
38.197678035332736,26.955957818723764,umm lajj,sa,85.44,62.0,0.0,5.7,1601655805.0
-36.5716264442929,-45.723879731044676,cidreira,br,67.59,93.0,100.0,7.36,1601655631.0
-45.58628337495494,-60.77360979820079,ushuaia,ar,33.8,80.0,75.0,29.97,1601655512.0
151.19585725207813,51.985662086970294,vostok,ru,43.83,100.0,100.0,2.68,1601655936.0
-161.07307494188512,60.611359359351816,bethel,us,53.11,93.0,90.0,4.7,1601656044.0
-19.30964851429595,-35.36468374079757,jamestown,sh,51.24,76.0,75.0,16.11,1601655786.0
-109.10414688833696,-61.52848349733407,punta arenas,cl,39.09,48.0,75.0,20.8,1601655570.0
168.19263095383923,12.312541681135237,butaritari,ki,79.68,70.0,0.0,13.82,1601655680.0
110.20770932895194,-79.3206508261799,albany,au,54.36,90.0,100.0,4.36,1601655569.0
-136.54816585158284,23.563933777137112,hilo,us,71.76,78.0,1.0,8.01,1601655542.0
164.3028025381939,-80.51032512162105,bluff,nz,55.0,59.0,32.0,8.01,1601655899.0
-164.76669059502504,28.480703093984594,kapaa,us,73.4,88.0,1.0,9.17,1601655769.0
-160.86330722956222,-55.41255326095249,mataura,pf,47.62,70.0,42.0,7.56,1601655551.0
-142.35537447044734,47.00936665866625,sitka,us,59.0,87.0,90.0,12.75,1601655931.0
70.8815932307601,40.322061846910174,yaypan,uz,65.8,27.0,38.0,10.22,1601656056.0
10.884250062551025,-48.67542160595424,hermanus,za,57.0,88.0,100.0,8.99,1601655843.0
-95.45532662193159,68.36463196071718,thompson,ca,39.2,86.0,90.0,4.7,1601656008.0
74.66999004603909,-38.46124880705371,mahebourg,mu,73.4,78.0,20.0,3.62,1601655942.0
3.3238782350693663,-46.72410457678126,cape town,za,60.28,67.0,20.0,14.99,1601655556.0
-118.6086623910533,2.0055233115255366,san patricio,mx,86.0,74.0,5.0,2.39,1601655793.0
172.96598921834627,31.060844704410783,nikolskoye,ru,55.33,62.0,4.0,6.71,1601656063.0
-94.28051663857818,-40.66946564725723,ancud,cl,49.87,45.0,85.0,11.41,1601656064.0
-24.44191175195174,-13.276750462854425,georgetown,sh,75.96,88.0,20.0,3.36,1601655263.0
126.86973248521383,-3.6917217625095367,ambon,id,80.29,83.0,82.0,14.79,1601655770.0
123.24087262416808,75.27867152591683,tiksi,ru,27.84,94.0,100.0,19.64,1601655852.0
-155.00149920784963,70.49167732141176,barrow,us,33.8,86.0,90.0,10.29,1601655562.0
-17.86117567415193,-7.025888011384184,georgetown,sh,75.96,88.0,20.0,3.36,1601655263.0
71.9729894655891,-46.7412603086837,souillac,mu,73.4,78.0,20.0,3.71,1601655917.0
-10.616390543614852,21.461710622148267,atar,mr,102.47,13.0,0.0,17.25,1601656028.0
105.32871369944161,-54.63442519407842,busselton,au,42.37,70.0,10.0,11.92,1601655569.0
-111.44175827486136,-49.053624992693074,rikitea,pf,72.27,81.0,1.0,20.62,1601655349.0
-32.7880317734357,20.990279758871477,ponta do sol,cv,72.97,69.0,20.0,8.05,1601656075.0
-161.2813005109444,19.373290860167025,kapaa,us,73.4,88.0,1.0,9.17,1601655769.0
-42.9043569520021,-83.49195253799755,ushuaia,ar,33.8,80.0,75.0,29.97,1601655512.0
41.491871179583725,48.33848741844678,uglegorskiy,ru,65.73,30.0,100.0,12.84,1601656078.0
-170.78731180450157,-55.52496406438808,vaini,to,73.4,88.0,75.0,10.29,1601655572.0
138.25264062379168,-73.73400142277976,hobart,au,53.53,71.0,40.0,11.41,1601655583.0
-121.87419203775964,-30.31075814820706,rikitea,pf,72.27,81.0,1.0,20.62,1601655349.0
99.09886247200859,41.965656451128034,jiayuguan,cn,46.74,43.0,10.0,4.79,1601656083.0
-92.71235496716001,-11.817759789264903,puerto ayora,ec,70.72,64.0,40.0,23.04,1601656004.0
-149.439092759295,-71.31611575253152,mataura,pf,47.62,70.0,42.0,7.56,1601655551.0
-11.967893456653012,-65.10041133709859,cape town,za,60.28,67.0,20.0,14.99,1601655556.0
150.1917364982687,-7.123639955298112,kandrian,pg,73.96,89.0,100.0,6.11,1601656088.0
158.5506215730456,-31.56928236064719,sawtell,au,56.53,93.0,4.0,6.93,1601656089.0
-149.09605565776897,-29.172596352843815,mataura,pf,47.62,70.0,42.0,7.56,1601655551.0
54.417998176661776,-88.4462951472583,port alfred,za,61.02,77.0,100.0,28.79,1601655903.0
140.60409506086188,14.45942385559632,airai,pw,58.21,83.0,24.0,3.47,1601655918.0
-31.155566161432603,-31.886487983882915,arraial do cabo,br,89.6,59.0,0.0,9.17,1601656093.0
-148.68445846212674,-83.20548890427294,mataura,pf,47.62,70.0,42.0,7.56,1601655551.0
86.68900629268276,-62.58324614484353,busselton,au,42.37,70.0,10.0,11.92,1601655569.0
168.37475664103192,51.30658839511034,nikolskoye,ru,55.33,62.0,4.0,6.71,1601656063.0
-160.82970111077958,78.98351447775079,barrow,us,33.8,86.0,90.0,10.29,1601655562.0
-45.537933182020666,86.89601753020767,upernavik,gl,27.88,87.0,99.0,5.82,1601655354.0
-106.82411299272655,-40.02385843161976,rikitea,pf,72.27,81.0,1.0,20.62,1601655349.0
-149.48447394280186,84.7631550193713,barrow,us,33.8,86.0,90.0,10.29,1601655562.0
8.588863075649012,8.070838858002949,makurdi,ng,79.88,78.0,100.0,1.77,1601656102.0
-13.438830746803099,67.12956086818623,hofn,is,41.0,80.0,90.0,3.36,1601656104.0
52.86357006233289,58.25174196318622,glazov,ru,51.48,92.0,84.0,5.93,1601656105.0
-3.067661416777412,76.79092370514398,klaksvik,fo,51.8,100.0,98.0,19.46,1601655420.0
-146.84335300560727,-21.181784678853443,mataura,pf,47.62,70.0,42.0,7.56,1601655551.0
-70.48787668569429,81.91724494691293,qaanaaq,gl,20.86,84.0,0.0,3.89,1601655560.0
132.13114451921706,-20.87407241360315,alice springs,au,72.66,10.0,38.0,3.36,1601656114.0
67.60604229897605,-17.862633139461725,quatre cocos,mu,73.18,78.0,20.0,4.9,1601655958.0
93.79216581047743,33.20139946203041,lasa,cn,52.59,100.0,90.0,14.99,1601656116.0
129.4896788207821,63.2114704689522,namtsy,ru,30.2,74.0,93.0,4.47,1601656117.0
-10.186380895895052,50.48241877382401,bantry,ie,54.57,71.0,75.0,13.87,1601656118.0
98.56953474281396,2.904530333031907,kabanjahe,id,63.64,93.0,100.0,2.86,1601656119.0
73.31967438107931,24.035337997538242,khed brahma,in,81.63,53.0,0.0,4.38,1601656077.0
142.28775888646285,-26.88338376361916,broken hill,au,64.4,48.0,0.0,10.29,1601655854.0
-160.78562382280134,-65.4867431585914,mataura,pf,47.62,70.0,42.0,7.56,1601655551.0
174.95624052775426,-17.55430347603052,isangel,vu,68.0,88.0,90.0,6.93,1601655792.0
-76.63056204783129,-32.51434302331598,valparaiso,cl,54.23,62.0,20.0,10.29,1601655870.0
109.9040861168078,51.752696528898454,kizhinga,ru,29.88,88.0,100.0,8.34,1601656127.0
-123.15549770195999,2.4343970449763774,atuona,pf,78.17,75.0,5.0,23.96,1601655535.0
-82.92050956661484,-76.20154688606,ushuaia,ar,33.8,80.0,75.0,29.97,1601655512.0
-33.50222340008513,51.71026101817141,lagoa,pt,69.03,83.0,64.0,15.46,1601655809.0
158.54877392743438,-45.10119831739053,te anau,nz,44.82,86.0,61.0,8.03,1601656131.0
76.07329040687706,-30.68361030743272,bambous virieux,mu,73.22,78.0,20.0,4.23,1601655860.0
-74.12205904731606,-53.63968676536026,punta arenas,cl,39.09,48.0,75.0,20.8,1601655570.0
-82.49554267458299,31.495700067240485,waycross,us,71.37,33.0,1.0,9.17,1601656134.0
-101.95871730909074,31.199297315268815,odessa,us,64.2,68.0,1.0,6.71,1601655846.0
116.45853908599764,-73.649609372941,albany,au,54.36,90.0,100.0,4.36,1601655569.0
100.89622994043823,11.523234411172433,prachuap khiri khan,th,77.68,86.0,100.0,7.25,1601656139.0
-144.204559548949,42.46567117164762,sitka,us,59.0,87.0,90.0,12.75,1601655931.0
-79.97119308388191,10.609787270848347,portobelo,pa,82.0,78.0,100.0,7.0,1601656141.0
-47.32036963871724,39.1370525695799,torbay,ca,57.78,93.0,90.0,10.29,1601656142.0
81.70603686139464,-83.16811875667179,busselton,au,42.37,70.0,10.0,11.92,1601655569.0
-172.7615471188766,-69.94794351237223,vaini,to,73.4,88.0,75.0,10.29,1601655572.0
-48.716445613846936,60.50493543518131,paamiut,gl,39.69,91.0,100.0,21.52,1601656145.0
88.46249855971415,43.622982291428855,urumqi,cn,50.0,39.0,0.0,4.47,1601656022.0
-139.52234658149936,21.77123633235111,hilo,us,71.76,78.0,1.0,8.01,1601655542.0
143.89533449307933,-87.18536026162212,hobart,au,53.53,71.0,40.0,11.41,1601655583.0
-99.52536214016159,63.15296249611501,thompson,ca,39.2,86.0,90.0,4.7,1601656008.0
-35.31713011589501,47.45069664156832,ribeira grande,pt,71.6,73.0,40.0,6.93,1601655723.0
-152.77118532619528,10.049133253630515,hilo,us,71.1,88.0,75.0,8.01,1601656152.0
-133.39210693711513,-66.41715903198322,rikitea,pf,72.27,81.0,1.0,20.62,1601655349.0
-113.44211861240612,2.537877086334317,san patricio,mx,86.0,74.0,5.0,2.39,1601655793.0
-70.60839186816037,-76.08708611188486,ushuaia,ar,33.8,80.0,75.0,29.97,1601655512.0
150.5768784444041,-0.2859397486470905,kavieng,pg,80.67,78.0,100.0,6.64,1601655609.0
46.66549584775994,54.6753136071837,surskoye,ru,55.11,65.0,0.0,2.46,1601656157.0
-87.73778922170659,-62.13896960367269,punta arenas,cl,39.09,48.0,75.0,20.8,1601655570.0
-45.29810384628286,-70.00683711831134,ushuaia,ar,33.8,80.0,75.0,29.97,1601655512.0
-66.94315796728847,-13.19655697137554,santa rosa,bo,81.32,94.0,90.0,2.24,1601656160.0
-64.80687512066783,71.94041288677694,clyde river,ca,28.4,92.0,75.0,23.04,1601655566.0
43.655679025944515,9.524653599933163,hargeysa,so,76.33,56.0,24.0,11.43,1601655942.0
-70.50423169858406,-20.39878564038916,iquique,cl,64.4,59.0,75.0,10.29,1601656164.0
-43.96623269256259,32.04698523509516,ribeira grande,pt,71.6,73.0,40.0,6.93,1601655723.0
92.67573754878285,-1.71661143873314,meulaboh,id,76.68,83.0,100.0,4.36,1601656167.0
27.2311925783953,-11.514421987497215,kipushi,cd,80.98,19.0,0.0,4.0,1601656168.0
-178.35585718831732,-18.484457597036997,vaini,to,73.4,88.0,75.0,10.29,1601655572.0
1.5791745955195502,55.510519632034715,bridlington,gb,56.03,82.0,100.0,14.99,1601656170.0
21.971629609741615,-34.95466060767678,george,za,53.6,100.0,90.0,16.11,1601656172.0
9.933733790286748,30.729639001678834,nalut,ly,98.35,9.0,93.0,10.98,1601656113.0
116.33426429325071,-27.470543359326516,geraldton,au,57.2,71.0,90.0,13.87,1601656174.0
-52.99632916182067,-85.86758908783914,ushuaia,ar,33.8,80.0,75.0,29.97,1601655512.0
-92.20646350485184,21.764066575726837,celestun,mx,78.75,86.0,97.0,20.54,1601656176.0
177.66704937526941,26.895117209050966,butaritari,ki,79.68,70.0,0.0,13.82,1601655680.0
14.281743539282532,-61.17317833274527,hermanus,za,57.0,88.0,100.0,8.99,1601655843.0
3.663773801047543,-77.83297248004214,hermanus,za,57.0,88.0,100.0,8.99,1601655843.0
35.20088850617083,8.81386070917074,dembi dolo,et,60.55,100.0,77.0,2.04,1601656182.0
-46.74390718528101,-19.433109249235947,ibia,br,93.99,29.0,53.0,7.0,1601656183.0
178.62247513510619,-56.48874474641965,dunedin,nz,48.47,78.0,84.0,5.64,1601655920.0
-160.2989253274365,16.981962413470708,makakilo city,us,74.82,78.0,1.0,4.7,1601656146.0
-44.75687159781791,-5.608342122713806,tuntum,br,102.83,18.0,57.0,7.07,1601656186.0
-64.46489324647035,-14.658593231965277,trinidad,bo,95.0,50.0,20.0,13.87,1601656190.0
-25.632362509533934,-48.97709195136407,arraial do cabo,br,89.6,59.0,0.0,9.17,1601656093.0
19.504564435744175,-68.85201829468221,bredasdorp,za,55.4,93.0,100.0,8.05,1601655352.0
-142.5819994503497,-59.415390330874814,mataura,pf,55.0,59.0,42.0,8.01,1601656195.0
-18.25588378289651,64.7377916757293,akureyri,is,39.2,64.0,86.0,3.36,1601656196.0
125.5699746218289,-77.85869575559485,new norfolk,au,53.11,71.0,40.0,11.41,1601655532.0
-84.16594393906338,-84.81600211164327,ushuaia,ar,35.6,64.0,75.0,6.93,1601655909.0
-27.271257082669507,31.894605910395047,ponta delgada,pt,69.8,88.0,75.0,12.75,1601656041.0
164.68547799538206,70.99199046538202,bilibino,ru,23.27,91.0,87.0,3.49,1601656204.0
176.61274042914786,-13.758934366558229,asau,tv,55.0,88.0,56.0,3.4,1601656205.0
-158.11570148439225,70.78036526079389,barrow,us,33.8,86.0,90.0,10.29,1601655562.0
-112.3627912532176,76.53260167238346,yellowknife,ca,39.07,86.0,75.0,8.05,1601656208.0
131.50797519705327,81.08862132225558,tiksi,ru,27.84,94.0,100.0,19.64,1601655852.0
94.64370181886818,-51.79972336323277,busselton,au,42.39,71.0,8.0,11.95,1601656210.0
-140.8526765560318,-43.315222089782054,rikitea,pf,72.46,80.0,1.0,20.09,1601656212.0
162.01176854311893,42.32486264827987,severo-kurilsk,ru,46.67,87.0,14.0,11.3,1601656214.0
-103.1256323058181,-61.99861250439742,punta arenas,cl,39.09,48.0,75.0,26.4,1601656215.0
32.97210039421892,66.5812922140202,chupa,ru,48.0,84.0,70.0,6.55,1601656217.0
-154.50626644640826,25.82025891434193,kahului,us,74.5,74.0,1.0,4.7,1601656004.0
130.76443280889814,30.10446972235027,kaseda,jp,70.63,79.0,4.0,4.43,1601656220.0
166.60411512839357,-22.135587748035114,mont-dore,nc,62.6,77.0,2.0,10.36,1601656221.0
-24.320635630560083,29.508711098120443,los llanos de aridane,es,73.47,61.0,75.0,18.34,1601655635.0
131.21490614155087,60.76266049310083,amga,ru,27.68,90.0,71.0,2.71,1601656223.0
86.63694796101697,26.954325967175542,lahan,np,79.45,79.0,52.0,0.74,1601656225.0
-124.92071704042247,-50.87411451784112,rikitea,pf,72.46,80.0,1.0,20.09,1601656212.0
-65.82184637558912,-15.171037098040385,trinidad,bo,95.0,50.0,20.0,13.87,1601656190.0
156.2874668218516,-36.92623603432816,kiama,au,59.16,54.0,0.0,5.19,1601656228.0
7.933203939083389,-50.870554161477386,cape town,za,60.28,67.0,20.0,14.99,1601655556.0
-102.1194363349856,-46.85367967029389,castro,cl,91.99,28.0,1.0,9.35,1601656230.0
-171.24422801033626,-43.09338626902604,vaini,to,73.4,88.0,75.0,10.29,1601656231.0
-153.32510548737554,-38.30793310849295,mataura,pf,55.0,59.0,42.0,8.01,1601656195.0
-99.71904931454138,-13.52642183732653,puerto ayora,ec,70.72,64.0,40.0,23.04,1601656004.0
113.44564400518131,-42.157277764012015,albany,au,55.0,90.0,100.0,4.36,1601656062.0
178.92349996913214,62.99661626113827,beringovskiy,ru,42.12,90.0,100.0,29.77,1601656238.0
-84.72002572120695,18.3663015179098,savannah bight,hn,82.54,80.0,100.0,20.89,1601656239.0
99.6701502031973,6.220284978969104,kuah,my,77.0,94.0,20.0,4.7,1601656240.0
-33.52706708420485,-45.76079680021437,cidreira,br,67.42,93.0,100.0,7.74,1601656241.0
-163.99000621076766,-24.976013171172305,avarua,ck,73.4,88.0,85.0,5.82,1601655898.0
81.60853246351272,6.38000531592745,wattegama,lk,80.6,88.0,20.0,10.29,1601656243.0
-44.53682908984477,-80.17922899559731,ushuaia,ar,35.6,64.0,75.0,6.93,1601655909.0
88.7325633079764,-76.05281923497749,busselton,au,42.39,71.0,8.0,11.95,1601656210.0
-159.59709288257721,-4.148058032411194,faanui,pf,77.97,79.0,0.0,19.6,1601655541.0
125.32692481643537,-31.62446678874805,esperance,au,51.8,100.0,75.0,4.7,1601656248.0
166.42086153332392,71.82659304958334,bilibino,ru,23.27,91.0,87.0,3.49,1601656204.0
-68.0460417121175,18.030609011342115,rincon,us,71.53,56.0,40.0,10.29,1601656250.0
29.88858205387872,47.51076063742982,zatyshshya,ua,61.43,57.0,52.0,5.21,1601656251.0
131.31332286591194,-62.18849308748966,new norfolk,au,53.11,71.0,40.0,11.41,1601655532.0
-52.69723936058406,-4.311445276690384,altamira,br,101.68,26.0,96.0,5.55,1601656254.0
160.39229860322067,20.59350185561254,butaritari,ki,79.68,70.0,0.0,13.82,1601655680.0
-121.24743167073957,34.425025085040225,lompoc,us,72.75,48.0,20.0,5.79,1601656032.0
27.505908712836668,18.03590110498393,marawi,sd,75.99,89.0,100.0,4.0,1601656259.0
72.23691768637319,-55.39749123334789,saint-philippe,re,68.68,78.0,42.0,3.36,1601655961.0
114.7023779932429,49.9681781529498,nizhniy tsasuchey,ru,38.55,93.0,100.0,8.43,1601656261.0
106.66756379091973,16.73105689608815,dong hoi,vn,81.01,85.0,78.0,2.28,1601656263.0
-169.35299381305492,63.98206482310734,lavrentiya,ru,41.88,92.0,99.0,8.93,1601656264.0
88.73335520353083,-9.242798436726307,padang,id,76.21,86.0,100.0,4.63,1601656265.0
-3.5396532805929137,-58.78425065959676,cape town,za,60.06,67.0,20.0,14.99,1601656266.0
-72.14237580466474,40.77490737371273,old saybrook,us,56.71,82.0,90.0,4.7,1601656083.0
106.09584603934181,8.32710045159104,bac lieu,vn,78.84,89.0,100.0,9.55,1601656164.0
-79.50303861163846,15.369296606377103,black river,jm,86.0,70.0,75.0,12.75,1601656270.0
51.979856014865234,-84.78035575693293,port alfred,za,61.02,77.0,100.0,28.79,1601655903.0
81.08499050160553,83.45951292628125,dikson,ru,35.47,84.0,94.0,25.03,1601655546.0
90.20577472508798,-67.93119699526535,busselton,au,42.39,71.0,8.0,11.95,1601656210.0
123.70890132559522,29.253634879337355,shenjiamen,cn,72.5,80.0,1.0,5.75,1601656274.0
66.70312150171125,27.2999309025434,khuzdar,pk,75.52,19.0,0.0,7.7,1601656275.0
92.65215187717033,5.480590320676515,banda aceh,id,81.19,70.0,100.0,12.66,1601656276.0
-174.19901800279902,-72.35467288685277,vaini,to,73.4,88.0,75.0,10.29,1601656231.0
78.79676659971986,39.12965244923722,shache,cn,56.25,37.0,97.0,10.38,1601656279.0
-119.95432917440931,-82.76035660645952,punta arenas,cl,39.09,48.0,75.0,26.4,1601656215.0
-133.58987161779194,4.1641877257780795,atuona,pf,78.17,76.0,4.0,23.24,1601656240.0
-98.58170760355841,-70.04946497713117,punta arenas,cl,39.09,48.0,75.0,26.4,1601656215.0
-13.86329505273849,-8.823963407102564,georgetown,sh,75.97,94.0,20.0,4.27,1601656180.0
107.5027652043145,69.60917486640447,aykhal,ru,28.4,86.0,90.0,8.95,1601656286.0
137.89650308465127,-54.06742497835522,new norfolk,au,53.11,71.0,40.0,11.41,1601655532.0
-51.42348377060804,-88.34779389527226,ushuaia,ar,35.6,64.0,75.0,6.93,1601655909.0
-160.96257891979474,-22.535837576019592,avarua,ck,73.4,88.0,85.0,5.82,1601655898.0
68.60586257725988,-51.09277484220443,saint-philippe,re,68.68,78.0,42.0,3.36,1601655961.0
129.96364025790544,46.998724716229404,jiamusi,cn,47.44,90.0,80.0,8.19,1601656292.0
-100.24408756869514,-56.068450687598315,punta arenas,cl,39.09,48.0,75.0,26.4,1601656215.0
179.8619727484891,50.027910097139795,beringovskiy,ru,42.12,90.0,100.0,29.77,1601656238.0
-83.18662242960906,71.8576210244822,clyde river,ca,28.4,92.0,75.0,23.04,1601656295.0
-109.74233950574911,34.36472109152445,show low,us,68.23,8.0,1.0,4.7,1601656296.0
-132.48320046890578,-73.77352396587085,rikitea,pf,72.46,80.0,1.0,20.09,1601656212.0
179.91968997415404,28.34818645510938,butaritari,ki,79.92,70.0,0.0,13.58,1601656299.0
-104.0690425982596,-75.68192044310081,punta arenas,cl,39.09,48.0,75.0,26.4,1601656215.0
86.30937032046948,-59.31879141451273,busselton,au,42.39,71.0,8.0,11.95,1601656210.0
59.73822239162174,48.786295768486774,emba,kz,55.18,34.0,0.0,7.54,1601656302.0
160.5646168029559,62.85746714782948,evensk,ru,35.47,75.0,0.0,3.69,1601656303.0
148.47249697887563,73.8388082885536,chokurdakh,ru,25.72,96.0,95.0,5.01,1601656304.0
-162.7024403889071,50.86170567163929,bethel,us,53.11,93.0,90.0,4.7,1601656044.0
164.13412899322728,-57.428953988921286,bluff,nz,55.0,59.0,32.0,8.01,1601655899.0
-157.16145274948977,84.74691183104987,barrow,us,33.8,86.0,90.0,10.29,1601655562.0
57.831223603378376,52.20642038964455,zilair,ru,44.6,60.0,0.0,0.72,1601656309.0
-129.25996167523232,-12.9182451284652,atuona,pf,78.17,76.0,4.0,23.24,1601656240.0
37.23347639156025,-54.609723729521775,port alfred,za,61.02,77.0,100.0,28.79,1601655903.0
-144.681435320752,38.08384653198383,fortuna,us,53.6,100.0,1.0,1.7,1601656156.0
92.44367498179787,64.33861812395806,teya,ru,33.87,91.0,94.0,6.89,1601656313.0
-161.64856936770542,-34.75947013234377,avarua,ck,73.4,88.0,85.0,5.82,1601655898.0
-148.80449366612964,51.95792371300995,kodiak,us,51.8,87.0,90.0,26.4,1601656315.0
-106.52758887699787,84.14956390049925,yellowknife,ca,39.07,86.0,75.0,8.05,1601656208.0
